id,name,category,description,brand,price
item_1,Fashion Item 1,Jacket,This eco-friendly t-shirt is made from organic cotton.,HRX by Hrithik Roshan,1508.46
item_2,Fashion Item 2,Jeans,A pair of stylish jeans made from recycled materials.,RARE RABBIT,2291.25
item_3,Fashion Item 3,Jeans,A warm jacket with sustainable insulation.,HERE & NOW,1585.52
item_4,Fashion Item 4,Dress,A beautiful dress crafted from biodegradable fabric.,HRX by Hrithik Roshan,979.81
item_5,Fashion Item 5,Jacket,Comfortable shoes made with renewable resources.,DressBerry,2386.04
item_6,Fashion Item 6,Dress,This eco-friendly t-shirt is made from organic cotton.,RARE RABBIT,992.02
item_7,Fashion Item 7,Dress,A pair of stylish jeans made from recycled materials.,DressBerry,1903.95
item_8,Fashion Item 8,Jacket,A warm jacket with sustainable insulation.,ADIDAS,2203.08
item_9,Fashion Item 9,Shoes,A beautiful dress crafted from biodegradable fabric.,HRX by Hrithik Roshan,1949.72
item_10,Fashion Item 10,Shoes,Comfortable shoes made with renewable resources.,ADIDAS,1374.93
item_11,Fashion Item 11,Jacket,This eco-friendly t-shirt is made from organic cotton.,DressBerry,2468.05
item_12,Fashion Item 12,Shoes,A pair of stylish jeans made from recycled materials.,HRX by Hrithik Roshan,3520.91
item_13,Fashion Item 13,Shoes,A warm jacket with sustainable insulation.,ROADSTER,3007.46
item_14,Fashion Item 14,Jacket,A beautiful dress crafted from biodegradable fabric.,RARE RABBIT,2900.88
item_15,Fashion Item 15,Shoes,Comfortable shoes made with renewable resources.,RARE RABBIT,1857.37
item_16,Fashion Item 16,Jeans,This eco-friendly t-shirt is made from organic cotton.,DressBerry,2134.29
item_17,Fashion Item 17,T-Shirt,A pair of stylish jeans made from recycled materials.,ADIDAS,1393.89
item_18,Fashion Item 18,Shoes,A warm jacket with sustainable insulation.,ROADSTER,3350.36
item_19,Fashion Item 19,T-Shirt,A beautiful dress crafted from biodegradable fabric.,DressBerry,1942.44
item_20,Fashion Item 20,Jacket,Comfortable shoes made with renewable resources.,HRX by Hrithik Roshan,2052.3
item_21,Fashion Item 21,Jeans,This eco-friendly t-shirt is made from organic cotton.,ROADSTER,2497.29
item_22,Fashion Item 22,T-Shirt,A pair of stylish jeans made from recycled materials.,ROADSTER,1258.81
item_23,Fashion Item 23,Dress,A warm jacket with sustainable insulation.,ROADSTER,2507.49
item_24,Fashion Item 24,Dress,A beautiful dress crafted from biodegradable fabric.,ADIDAS,1247.69
item_25,Fashion Item 25,Dress,Comfortable shoes made with renewable resources.,HERE & NOW,907.98
item_26,Fashion Item 26,Jeans,This eco-friendly t-shirt is made from organic cotton.,ADIDAS,1325.24
item_27,Fashion Item 27,Shoes,A pair of stylish jeans made from recycled materials.,ADIDAS,1277.92
item_28,Fashion Item 28,Dress,A warm jacket with sustainable insulation.,HRX by Hrithik Roshan,1858.31
item_29,Fashion Item 29,Dress,A beautiful dress crafted from biodegradable fabric.,HERE & NOW,2624.78
item_30,Fashion Item 30,Jacket,Comfortable shoes made with renewable resources.,ROADSTER,1457.94
item_31,Fashion Item 31,Jacket,This eco-friendly t-shirt is made from organic cotton.,ADIDAS,1257.54
item_32,Fashion Item 32,Dress,A pair of stylish jeans made from recycled materials.,HERE & NOW,1731.95
item_33,Fashion Item 33,Jeans,A warm jacket with sustainable insulation.,RARE RABBIT,2401.87
item_34,Fashion Item 34,Shoes,A beautiful dress crafted from biodegradable fabric.,ROADSTER,2333.97
item_35,Fashion Item 35,Jacket,Comfortable shoes made with renewable resources.,RARE RABBIT,1484.93
item_36,Fashion Item 36,Jacket,This eco-friendly t-shirt is made from organic cotton.,RARE RABBIT,1736.86
item_37,Fashion Item 37,Dress,A pair of stylish jeans made from recycled materials.,ROADSTER,1724.71
item_38,Fashion Item 38,Jacket,A warm jacket with sustainable insulation.,RARE RABBIT,2070.59
item_39,Fashion Item 39,Jeans,A beautiful dress crafted from biodegradable fabric.,DressBerry,2806.15
item_40,Fashion Item 40,T-Shirt,Comfortable shoes made with renewable resources.,DressBerry,986.96
item_41,Fashion Item 41,Jacket,This eco-friendly t-shirt is made from organic cotton.,HERE & NOW,2941.14
item_42,Fashion Item 42,Shoes,A pair of stylish jeans made from recycled materials.,RARE RABBIT,3588.97
item_43,Fashion Item 43,Shoes,A warm jacket with sustainable insulation.,RARE RABBIT,2244.93
item_44,Fashion Item 44,Jacket,A beautiful dress crafted from biodegradable fabric.,ADIDAS,2773.03
item_45,Fashion Item 45,Shoes,Comfortable shoes made with renewable resources.,ADIDAS,1952.33
item_46,Fashion Item 46,Jacket,This eco-friendly t-shirt is made from organic cotton.,ADIDAS,2602.85
item_47,Fashion Item 47,T-Shirt,A pair of stylish jeans made from recycled materials.,DressBerry,1370.75
item_48,Fashion Item 48,T-Shirt,A warm jacket with sustainable insulation.,RARE RABBIT,1937.61
item_49,Fashion Item 49,Jeans,A beautiful dress crafted from biodegradable fabric.,ROADSTER,1774.6
item_50,Fashion Item 50,Jacket,Comfortable shoes made with renewable resources.,ROADSTER,2620.21
item_51,Fashion Item 51,T-Shirt,This eco-friendly t-shirt is made from organic cotton.,HRX by Hrithik Roshan,1272.8
item_52,Fashion Item 52,Shoes,A pair of stylish jeans made from recycled materials.,DressBerry,2256.07
item_53,Fashion Item 53,Jeans,A warm jacket with sustainable insulation.,ROADSTER,854.1
item_54,Fashion Item 54,Jeans,A beautiful dress crafted from biodegradable fabric.,RARE RABBIT,1371.44
item_55,Fashion Item 55,Dress,Comfortable shoes made with renewable resources.,RARE RABBIT,2033.47
item_56,Fashion Item 56,T-Shirt,This eco-friendly t-shirt is made from organic cotton.,ADIDAS,848.34
item_57,Fashion Item 57,Dress,A pair of stylish jeans made from recycled materials.,DressBerry,2608.04
item_58,Fashion Item 58,Dress,A warm jacket with sustainable insulation.,ADIDAS,1438.79
item_59,Fashion Item 59,T-Shirt,A beautiful dress crafted from biodegradable fabric.,RARE RABBIT,992.36
item_60,Fashion Item 60,Dress,Comfortable shoes made with renewable resources.,HRX by Hrithik Roshan,1931.45
item_61,Fashion Item 61,Jacket,This eco-friendly t-shirt is made from organic cotton.,HRX by Hrithik Roshan,2073.15
item_62,Fashion Item 62,Shoes,A pair of stylish jeans made from recycled materials.,HERE & NOW,2334.83
item_63,Fashion Item 63,Shoes,A warm jacket with sustainable insulation.,ADIDAS,2917.26
item_64,Fashion Item 64,Dress,A beautiful dress crafted from biodegradable fabric.,ADIDAS,1466.77
item_65,Fashion Item 65,Dress,Comfortable shoes made with renewable resources.,DressBerry,1175.03
item_66,Fashion Item 66,Dress,This eco-friendly t-shirt is made from organic cotton.,HRX by Hrithik Roshan,2221.99
item_67,Fashion Item 67,Jeans,A pair of stylish jeans made from recycled materials.,ADIDAS,1299.37
item_68,Fashion Item 68,T-Shirt,A warm jacket with sustainable insulation.,HRX by Hrithik Roshan,1438.53
item_69,Fashion Item 69,Shoes,A beautiful dress crafted from biodegradable fabric.,DressBerry,2588.44
item_70,Fashion Item 70,Dress,Comfortable shoes made with renewable resources.,DressBerry,1893.22
item_71,Fashion Item 71,Dress,This eco-friendly t-shirt is made from organic cotton.,ADIDAS,2044.78
item_72,Fashion Item 72,Dress,A pair of stylish jeans made from recycled materials.,ADIDAS,2658.71
item_73,Fashion Item 73,Dress,A warm jacket with sustainable insulation.,HERE & NOW,1388.04
item_74,Fashion Item 74,Jacket,A beautiful dress crafted from biodegradable fabric.,HERE & NOW,1461.52
item_75,Fashion Item 75,Dress,Comfortable shoes made with renewable resources.,ADIDAS,1467.27
item_76,Fashion Item 76,Jeans,This eco-friendly t-shirt is made from organic cotton.,ADIDAS,1055.34
item_77,Fashion Item 77,Jacket,A pair of stylish jeans made from recycled materials.,HRX by Hrithik Roshan,2620.04
item_78,Fashion Item 78,Jacket,A warm jacket with sustainable insulation.,ROADSTER,1453.02
item_79,Fashion Item 79,Jeans,A beautiful dress crafted from biodegradable fabric.,ROADSTER,1969.16
item_80,Fashion Item 80,Dress,Comfortable shoes made with renewable resources.,HRX by Hrithik Roshan,1232.76
item_81,Fashion Item 81,Jacket,This eco-friendly t-shirt is made from organic cotton.,DressBerry,2009.94
item_82,Fashion Item 82,Shoes,A pair of stylish jeans made from recycled materials.,ADIDAS,3353.21
item_83,Fashion Item 83,Jeans,A warm jacket with sustainable insulation.,DressBerry,1141.76
item_84,Fashion Item 84,Jeans,A beautiful dress crafted from biodegradable fabric.,ROADSTER,2649.05
item_85,Fashion Item 85,Dress,Comfortable shoes made with renewable resources.,RARE RABBIT,2504.43
item_86,Fashion Item 86,Jacket,This eco-friendly t-shirt is made from organic cotton.,ADIDAS,1896.97
item_87,Fashion Item 87,Dress,A pair of stylish jeans made from recycled materials.,HERE & NOW,1128.63
item_88,Fashion Item 88,Shoes,A warm jacket with sustainable insulation.,DressBerry,3850.88
item_89,Fashion Item 89,Jacket,A beautiful dress crafted from biodegradable fabric.,HRX by Hrithik Roshan,2666.58
item_90,Fashion Item 90,T-Shirt,Comfortable shoes made with renewable resources.,HRX by Hrithik Roshan,1262.67
item_91,Fashion Item 91,T-Shirt,This eco-friendly t-shirt is made from organic cotton.,ADIDAS,1020.64
item_92,Fashion Item 92,T-Shirt,A pair of stylish jeans made from recycled materials.,DressBerry,1873.61
item_93,Fashion Item 93,T-Shirt,A warm jacket with sustainable insulation.,RARE RABBIT,1442.55
item_94,Fashion Item 94,Jeans,A beautiful dress crafted from biodegradable fabric.,ROADSTER,1446.15
item_95,Fashion Item 95,Shoes,Comfortable shoes made with renewable resources.,RARE RABBIT,3266.56
item_96,Fashion Item 96,T-Shirt,This eco-friendly t-shirt is made from organic cotton.,ROADSTER,1990.48
item_97,Fashion Item 97,T-Shirt,A pair of stylish jeans made from recycled materials.,HRX by Hrithik Roshan,1128.16
item_98,Fashion Item 98,Shoes,A warm jacket with sustainable insulation.,DressBerry,2829.32
item_99,Fashion Item 99,Dress,A beautiful dress crafted from biodegradable fabric.,RARE RABBIT,1805.28
item_100,Fashion Item 100,Jacket,Comfortable shoes made with renewable resources.,HERE & NOW,2289.01
item_101,Fashion Item 101,T-Shirt,This eco-friendly t-shirt is made from organic cotton.,DressBerry,1273.23
item_102,Fashion Item 102,Jeans,A pair of stylish jeans made from recycled materials.,RARE RABBIT,2852.31
item_103,Fashion Item 103,Dress,A warm jacket with sustainable insulation.,ADIDAS,1195.55
item_104,Fashion Item 104,Jeans,A beautiful dress crafted from biodegradable fabric.,ADIDAS,1424.85
item_105,Fashion Item 105,Jeans,Comfortable shoes made with renewable resources.,ADIDAS,1373.26
item_106,Fashion Item 106,Jeans,This eco-friendly t-shirt is made from organic cotton.,RARE RABBIT,1399.82
item_107,Fashion Item 107,Jacket,A pair of stylish jeans made from recycled materials.,ROADSTER,2594.9
item_108,Fashion Item 108,Shoes,A warm jacket with sustainable insulation.,HERE & NOW,2258.32
item_109,Fashion Item 109,Dress,A beautiful dress crafted from biodegradable fabric.,HRX by Hrithik Roshan,904.63
item_110,Fashion Item 110,Jeans,Comfortable shoes made with renewable resources.,DressBerry,2652.72
item_111,Fashion Item 111,Jeans,This eco-friendly t-shirt is made from organic cotton.,DressBerry,1107.76
item_112,Fashion Item 112,Jacket,A pair of stylish jeans made from recycled materials.,ROADSTER,2021.43
item_113,Fashion Item 113,Dress,A warm jacket with sustainable insulation.,HERE & NOW,1129.32
item_114,Fashion Item 114,Shoes,A beautiful dress crafted from biodegradable fabric.,HERE & NOW,1406.72
item_115,Fashion Item 115,Dress,Comfortable shoes made with renewable resources.,DressBerry,2542.42
item_116,Fashion Item 116,Shoes,This eco-friendly t-shirt is made from organic cotton.,RARE RABBIT,3905.6
item_117,Fashion Item 117,Jeans,A pair of stylish jeans made from recycled materials.,RARE RABBIT,2806.05
item_118,Fashion Item 118,Dress,A warm jacket with sustainable insulation.,ROADSTER,2722.83
item_119,Fashion Item 119,Jacket,A beautiful dress crafted from biodegradable fabric.,ROADSTER,2779.6
item_120,Fashion Item 120,T-Shirt,Comfortable shoes made with renewable resources.,HERE & NOW,1137.36
item_121,Fashion Item 121,Dress,This eco-friendly t-shirt is made from organic cotton.,HERE & NOW,1116.35
item_122,Fashion Item 122,Dress,A pair of stylish jeans made from recycled materials.,ADIDAS,927.87
item_123,Fashion Item 123,T-Shirt,A warm jacket with sustainable insulation.,HERE & NOW,1975.72
item_124,Fashion Item 124,T-Shirt,A beautiful dress crafted from biodegradable fabric.,HRX by Hrithik Roshan,1851.08
item_125,Fashion Item 125,Dress,Comfortable shoes made with renewable resources.,ROADSTER,930.49
item_126,Fashion Item 126,Jacket,This eco-friendly t-shirt is made from organic cotton.,ADIDAS,1698.53
item_127,Fashion Item 127,Jeans,A pair of stylish jeans made from recycled materials.,DressBerry,834.97
item_128,Fashion Item 128,Shoes,A warm jacket with sustainable insulation.,DressBerry,1300.49
item_129,Fashion Item 129,Shoes,A beautiful dress crafted from biodegradable fabric.,DressBerry,3445.81
item_130,Fashion Item 130,Jeans,Comfortable shoes made with renewable resources.,ADIDAS,805.6
item_131,Fashion Item 131,Dress,This eco-friendly t-shirt is made from organic cotton.,DressBerry,1301.36
item_132,Fashion Item 132,T-Shirt,A pair of stylish jeans made from recycled materials.,ROADSTER,1027.48
item_133,Fashion Item 133,Jeans,A warm jacket with sustainable insulation.,HRX by Hrithik Roshan,1961.59
item_134,Fashion Item 134,T-Shirt,A beautiful dress crafted from biodegradable fabric.,HERE & NOW,1902.9
item_135,Fashion Item 135,Shoes,Comfortable shoes made with renewable resources.,HRX by Hrithik Roshan,1677.14
item_136,Fashion Item 136,Jeans,This eco-friendly t-shirt is made from organic cotton.,HERE & NOW,1887.55
item_137,Fashion Item 137,Jeans,A pair of stylish jeans made from recycled materials.,DressBerry,1926.96
item_138,Fashion Item 138,Dress,A warm jacket with sustainable insulation.,ROADSTER,1860.03
item_139,Fashion Item 139,Shoes,A beautiful dress crafted from biodegradable fabric.,DressBerry,1445.26
item_140,Fashion Item 140,Jacket,Comfortable shoes made with renewable resources.,DressBerry,2442.93
item_141,Fashion Item 141,T-Shirt,This eco-friendly t-shirt is made from organic cotton.,ADIDAS,1582.17
item_142,Fashion Item 142,T-Shirt,A pair of stylish jeans made from recycled materials.,ROADSTER,1971.71
item_143,Fashion Item 143,Jeans,A warm jacket with sustainable insulation.,HERE & NOW,2411.72
item_144,Fashion Item 144,Dress,A beautiful dress crafted from biodegradable fabric.,ADIDAS,1817.26
item_145,Fashion Item 145,Dress,Comfortable shoes made with renewable resources.,HRX by Hrithik Roshan,2926.48
item_146,Fashion Item 146,Jacket,This eco-friendly t-shirt is made from organic cotton.,DressBerry,1203.68
item_147,Fashion Item 147,T-Shirt,A pair of stylish jeans made from recycled materials.,ADIDAS,1482.62
item_148,Fashion Item 148,Dress,A warm jacket with sustainable insulation.,ROADSTER,1936.85
item_149,Fashion Item 149,Shoes,A beautiful dress crafted from biodegradable fabric.,ADIDAS,2475.18
item_150,Fashion Item 150,Dress,Comfortable shoes made with renewable resources.,ROADSTER,1966.04
