id,name,category,price,description
item_1,Fashion Item 1,Dress,65.51,This eco-friendly t-shirt is made from organic cotton.
item_2,Fashion Item 2,Dress,64.74,A pair of stylish jeans made from recycled materials.
item_3,Fashion Item 3,T-Shirt,79.19,A warm jacket with sustainable insulation.
item_4,Fashion Item 4,T-Shirt,20.55,A beautiful dress crafted from biodegradable fabric.
item_5,Fashion Item 5,Dress,53.15,Comfortable shoes made with renewable resources.
item_6,Fashion Item 6,T-Shirt,39.71,This eco-friendly t-shirt is made from organic cotton.
item_7,Fashion Item 7,Jacket,99.59,A pair of stylish jeans made from recycled materials.
item_8,Fashion Item 8,T-Shirt,60.08,A warm jacket with sustainable insulation.
item_9,Fashion Item 9,Dress,17.4,A beautiful dress crafted from biodegradable fabric.
item_10,Fashion Item 10,Jeans,31.53,Comfortable shoes made with renewable resources.
item_11,Fashion Item 11,Shoes,52.82,This eco-friendly t-shirt is made from organic cotton.
item_12,Fashion Item 12,Jeans,48.79,A pair of stylish jeans made from recycled materials.
item_13,Fashion Item 13,Jeans,97.74,A warm jacket with sustainable insulation.
item_14,Fashion Item 14,Shoes,76.32,A beautiful dress crafted from biodegradable fabric.
item_15,Fashion Item 15,Jeans,10.6,Comfortable shoes made with renewable resources.
item_16,Fashion Item 16,Shoes,27.36,This eco-friendly t-shirt is made from organic cotton.
item_17,Fashion Item 17,T-Shirt,10.84,A pair of stylish jeans made from recycled materials.
item_18,Fashion Item 18,Dress,92.03,A warm jacket with sustainable insulation.
item_19,Fashion Item 19,Jeans,22.48,A beautiful dress crafted from biodegradable fabric.
item_20,Fashion Item 20,Dress,13.17,Comfortable shoes made with renewable resources.
item_21,Fashion Item 21,Shoes,59.05,This eco-friendly t-shirt is made from organic cotton.
item_22,Fashion Item 22,Dress,73.41,A pair of stylish jeans made from recycled materials.
item_23,Fashion Item 23,Dress,54.46,A warm jacket with sustainable insulation.
item_24,Fashion Item 24,Dress,28.79,A beautiful dress crafted from biodegradable fabric.
item_25,Fashion Item 25,Dress,75.69,Comfortable shoes made with renewable resources.
item_26,Fashion Item 26,T-Shirt,36.88,This eco-friendly t-shirt is made from organic cotton.
item_27,Fashion Item 27,Shoes,25.3,A pair of stylish jeans made from recycled materials.
item_28,Fashion Item 28,Jacket,90.54,A warm jacket with sustainable insulation.
item_29,Fashion Item 29,Jacket,42.41,A beautiful dress crafted from biodegradable fabric.
item_30,Fashion Item 30,Shoes,38.49,Comfortable shoes made with renewable resources.
item_31,Fashion Item 31,Jeans,66.09,This eco-friendly t-shirt is made from organic cotton.
item_32,Fashion Item 32,Dress,90.7,A pair of stylish jeans made from recycled materials.
item_33,Fashion Item 33,Jacket,31.75,A warm jacket with sustainable insulation.
item_34,Fashion Item 34,Jeans,61.39,A beautiful dress crafted from biodegradable fabric.
item_35,Fashion Item 35,Jacket,31.66,Comfortable shoes made with renewable resources.
item_36,Fashion Item 36,Shoes,49.7,This eco-friendly t-shirt is made from organic cotton.
item_37,Fashion Item 37,Dress,37.15,A pair of stylish jeans made from recycled materials.
item_38,Fashion Item 38,Jacket,38.16,A warm jacket with sustainable insulation.
item_39,Fashion Item 39,Jeans,21.74,A beautiful dress crafted from biodegradable fabric.
item_40,Fashion Item 40,T-Shirt,76.16,Comfortable shoes made with renewable resources.
item_41,Fashion Item 41,Jacket,90.2,This eco-friendly t-shirt is made from organic cotton.
item_42,Fashion Item 42,Jeans,73.63,A pair of stylish jeans made from recycled materials.
item_43,Fashion Item 43,T-Shirt,83.57,A warm jacket with sustainable insulation.
item_44,Fashion Item 44,T-Shirt,82.73,A beautiful dress crafted from biodegradable fabric.
item_45,Fashion Item 45,Jacket,89.22,Comfortable shoes made with renewable resources.
item_46,Fashion Item 46,Shoes,56.29,This eco-friendly t-shirt is made from organic cotton.
item_47,Fashion Item 47,Dress,40.27,A pair of stylish jeans made from recycled materials.
item_48,Fashion Item 48,Dress,65.78,A warm jacket with sustainable insulation.
item_49,Fashion Item 49,Dress,83.17,A beautiful dress crafted from biodegradable fabric.
item_50,Fashion Item 50,Jacket,31.97,Comfortable shoes made with renewable resources.
item_51,Fashion Item 51,Shoes,53.58,This eco-friendly t-shirt is made from organic cotton.
item_52,Fashion Item 52,Shoes,98.04,A pair of stylish jeans made from recycled materials.
item_53,Fashion Item 53,T-Shirt,39.41,A warm jacket with sustainable insulation.
item_54,Fashion Item 54,Shoes,75.71,A beautiful dress crafted from biodegradable fabric.
item_55,Fashion Item 55,Shoes,47.13,Comfortable shoes made with renewable resources.
item_56,Fashion Item 56,Shoes,36.25,This eco-friendly t-shirt is made from organic cotton.
item_57,Fashion Item 57,Shoes,55.4,A pair of stylish jeans made from recycled materials.
item_58,Fashion Item 58,Shoes,47.55,A warm jacket with sustainable insulation.
item_59,Fashion Item 59,Jacket,94.91,A beautiful dress crafted from biodegradable fabric.
item_60,Fashion Item 60,Dress,99.1,Comfortable shoes made with renewable resources.
item_61,Fashion Item 61,T-Shirt,63.9,This eco-friendly t-shirt is made from organic cotton.
item_62,Fashion Item 62,Shoes,54.63,A pair of stylish jeans made from recycled materials.
item_63,Fashion Item 63,Jacket,97.56,A warm jacket with sustainable insulation.
item_64,Fashion Item 64,Jacket,26.13,A beautiful dress crafted from biodegradable fabric.
item_65,Fashion Item 65,T-Shirt,62.11,Comfortable shoes made with renewable resources.
item_66,Fashion Item 66,Jacket,14.43,This eco-friendly t-shirt is made from organic cotton.
item_67,Fashion Item 67,Jacket,43.72,A pair of stylish jeans made from recycled materials.
item_68,Fashion Item 68,T-Shirt,34.05,A warm jacket with sustainable insulation.
item_69,Fashion Item 69,Shoes,72.81,A beautiful dress crafted from biodegradable fabric.
item_70,Fashion Item 70,Jeans,91.36,Comfortable shoes made with renewable resources.
item_71,Fashion Item 71,Jacket,49.22,This eco-friendly t-shirt is made from organic cotton.
item_72,Fashion Item 72,Dress,66.98,A pair of stylish jeans made from recycled materials.
item_73,Fashion Item 73,Shoes,14.98,A warm jacket with sustainable insulation.
item_74,Fashion Item 74,Jeans,88.89,A beautiful dress crafted from biodegradable fabric.
item_75,Fashion Item 75,Dress,68.29,Comfortable shoes made with renewable resources.
item_76,Fashion Item 76,Shoes,13.37,This eco-friendly t-shirt is made from organic cotton.
item_77,Fashion Item 77,T-Shirt,27.72,A pair of stylish jeans made from recycled materials.
item_78,Fashion Item 78,Jeans,12.57,A warm jacket with sustainable insulation.
item_79,Fashion Item 79,Jacket,18.14,A beautiful dress crafted from biodegradable fabric.
item_80,Fashion Item 80,T-Shirt,86.42,Comfortable shoes made with renewable resources.
item_81,Fashion Item 81,Jeans,93.42,This eco-friendly t-shirt is made from organic cotton.
item_82,Fashion Item 82,Shoes,24.89,A pair of stylish jeans made from recycled materials.
item_83,Fashion Item 83,Jeans,70.98,A warm jacket with sustainable insulation.
item_84,Fashion Item 84,Shoes,18.25,A beautiful dress crafted from biodegradable fabric.
item_85,Fashion Item 85,T-Shirt,35.97,Comfortable shoes made with renewable resources.
item_86,Fashion Item 86,Jacket,45.68,This eco-friendly t-shirt is made from organic cotton.
item_87,Fashion Item 87,Jeans,16.84,A pair of stylish jeans made from recycled materials.
item_88,Fashion Item 88,Jeans,93.91,A warm jacket with sustainable insulation.
item_89,Fashion Item 89,T-Shirt,73.77,A beautiful dress crafted from biodegradable fabric.
item_90,Fashion Item 90,Jeans,43.47,Comfortable shoes made with renewable resources.
item_91,Fashion Item 91,T-Shirt,41.79,This eco-friendly t-shirt is made from organic cotton.
item_92,Fashion Item 92,Jacket,92.68,A pair of stylish jeans made from recycled materials.
item_93,Fashion Item 93,T-Shirt,50.87,A warm jacket with sustainable insulation.
item_94,Fashion Item 94,Jeans,31.23,A beautiful dress crafted from biodegradable fabric.
item_95,Fashion Item 95,T-Shirt,74.44,Comfortable shoes made with renewable resources.
item_96,Fashion Item 96,Shoes,70.45,This eco-friendly t-shirt is made from organic cotton.
item_97,Fashion Item 97,Jeans,35.24,A pair of stylish jeans made from recycled materials.
item_98,Fashion Item 98,Jacket,30.51,A warm jacket with sustainable insulation.
item_99,Fashion Item 99,Dress,44.34,A beautiful dress crafted from biodegradable fabric.
item_100,Fashion Item 100,Jacket,34.64,Comfortable shoes made with renewable resources.
item_101,Fashion Item 101,T-Shirt,36.03,This eco-friendly t-shirt is made from organic cotton.
item_102,Fashion Item 102,Jeans,80.45,A pair of stylish jeans made from recycled materials.
item_103,Fashion Item 103,Jeans,17.44,A warm jacket with sustainable insulation.
item_104,Fashion Item 104,T-Shirt,68.11,A beautiful dress crafted from biodegradable fabric.
item_105,Fashion Item 105,T-Shirt,21.4,Comfortable shoes made with renewable resources.
item_106,Fashion Item 106,Dress,56.65,This eco-friendly t-shirt is made from organic cotton.
item_107,Fashion Item 107,T-Shirt,10.69,A pair of stylish jeans made from recycled materials.
item_108,Fashion Item 108,Shoes,77.67,A warm jacket with sustainable insulation.
item_109,Fashion Item 109,Shoes,47.92,A beautiful dress crafted from biodegradable fabric.
item_110,Fashion Item 110,Dress,21.43,Comfortable shoes made with renewable resources.
item_111,Fashion Item 111,Dress,48.45,This eco-friendly t-shirt is made from organic cotton.
item_112,Fashion Item 112,Dress,38.59,A pair of stylish jeans made from recycled materials.
item_113,Fashion Item 113,Jeans,92.76,A warm jacket with sustainable insulation.
item_114,Fashion Item 114,Dress,89.88,A beautiful dress crafted from biodegradable fabric.
item_115,Fashion Item 115,Dress,98.39,Comfortable shoes made with renewable resources.
item_116,Fashion Item 116,Shoes,90.84,This eco-friendly t-shirt is made from organic cotton.
item_117,Fashion Item 117,T-Shirt,11.6,A pair of stylish jeans made from recycled materials.
item_118,Fashion Item 118,Shoes,49.51,A warm jacket with sustainable insulation.
item_119,Fashion Item 119,Jeans,75.33,A beautiful dress crafted from biodegradable fabric.
item_120,Fashion Item 120,T-Shirt,17.94,Comfortable shoes made with renewable resources.
item_121,Fashion Item 121,Jacket,40.71,This eco-friendly t-shirt is made from organic cotton.
item_122,Fashion Item 122,Shoes,99.86,A pair of stylish jeans made from recycled materials.
item_123,Fashion Item 123,Shoes,65.55,A warm jacket with sustainable insulation.
item_124,Fashion Item 124,Jacket,86.41,A beautiful dress crafted from biodegradable fabric.
item_125,Fashion Item 125,Shoes,89.23,Comfortable shoes made with renewable resources.
item_126,Fashion Item 126,Shoes,85.32,This eco-friendly t-shirt is made from organic cotton.
item_127,Fashion Item 127,Jacket,73.27,A pair of stylish jeans made from recycled materials.
item_128,Fashion Item 128,Jeans,71.43,A warm jacket with sustainable insulation.
item_129,Fashion Item 129,Jeans,76.36,A beautiful dress crafted from biodegradable fabric.
item_130,Fashion Item 130,Jacket,92.51,Comfortable shoes made with renewable resources.
item_131,Fashion Item 131,Dress,89.05,This eco-friendly t-shirt is made from organic cotton.
item_132,Fashion Item 132,Dress,91.8,A pair of stylish jeans made from recycled materials.
item_133,Fashion Item 133,Jacket,79.43,A warm jacket with sustainable insulation.
item_134,Fashion Item 134,Shoes,16.09,A beautiful dress crafted from biodegradable fabric.
item_135,Fashion Item 135,Shoes,67.67,Comfortable shoes made with renewable resources.
item_136,Fashion Item 136,Jacket,48.56,This eco-friendly t-shirt is made from organic cotton.
item_137,Fashion Item 137,Dress,74.56,A pair of stylish jeans made from recycled materials.
item_138,Fashion Item 138,Jeans,45.89,A warm jacket with sustainable insulation.
item_139,Fashion Item 139,Shoes,44.07,A beautiful dress crafted from biodegradable fabric.
item_140,Fashion Item 140,T-Shirt,32.79,Comfortable shoes made with renewable resources.
item_141,Fashion Item 141,Shoes,69.68,This eco-friendly t-shirt is made from organic cotton.
item_142,Fashion Item 142,T-Shirt,66.46,A pair of stylish jeans made from recycled materials.
item_143,Fashion Item 143,Jacket,24.67,A warm jacket with sustainable insulation.
item_144,Fashion Item 144,T-Shirt,61.65,A beautiful dress crafted from biodegradable fabric.
item_145,Fashion Item 145,Jeans,22.14,Comfortable shoes made with renewable resources.
item_146,Fashion Item 146,Dress,65.17,This eco-friendly t-shirt is made from organic cotton.
item_147,Fashion Item 147,Jacket,65.91,A pair of stylish jeans made from recycled materials.
item_148,Fashion Item 148,T-Shirt,29.65,A warm jacket with sustainable insulation.
item_149,Fashion Item 149,Dress,68.79,A beautiful dress crafted from biodegradable fabric.
item_150,Fashion Item 150,Dress,15.66,Comfortable shoes made with renewable resources.
